<?xml version="1.0" encoding="UTF-8" ?>
<!DOCTYPE mapper PUBLIC "-//mybatis.org//DTD Mapper 3.0//EN" "http://mybatis.org/dtd/mybatis-3-mapper.dtd" >
<mapper namespace="com.andidz.authorithy.mapper.RightResourceMapper" >
  <resultMap id="BaseResultMap" type="com.andidz.authorithy.domain.RightResource" >
    <id column="Id" property="id" jdbcType="INTEGER" />
    <result column="resourcePath" property="resourcepath" jdbcType="VARCHAR" />
    <result column="resourceName" property="resourcename" jdbcType="VARCHAR" />
    <result column="description" property="description" jdbcType="VARCHAR" />
    <result column="feature" property="feature" jdbcType="VARCHAR" />
  </resultMap>
  <sql id="Example_Where_Clause" >
    <where >
      <foreach collection="oredCriteria" item="criteria" separator="or" >
        <if test="criteria.valid" >
          <trim prefix="(" suffix=")" prefixOverrides="and" >
            <foreach collection="criteria.criteria" item="criterion" >
              <choose >
                <when test="criterion.noValue" >
                  and ${criterion.condition}
                </when>
                <when test="criterion.singleValue" >
                  and ${criterion.condition} #{criterion.value}
                </when>
                <when test="criterion.betweenValue" >
                  and ${criterion.condition} #{criterion.value} and #{criterion.secondValue}
                </when>
                <when test="criterion.listValue" >
                  and ${criterion.condition}
                  <foreach collection="criterion.value" item="listItem" open="(" close=")" separator="," >
                    #{listItem}
                  </foreach>
                </when>
              </choose>
            </foreach>
          </trim>
        </if>
      </foreach>
    </where>
  </sql>
  <sql id="Update_By_Example_Where_Clause" >
    <where >
      <foreach collection="example.oredCriteria" item="criteria" separator="or" >
        <if test="criteria.valid" >
          <trim prefix="(" suffix=")" prefixOverrides="and" >
            <foreach collection="criteria.criteria" item="criterion" >
              <choose >
                <when test="criterion.noValue" >
                  and ${criterion.condition}
                </when>
                <when test="criterion.singleValue" >
                  and ${criterion.condition} #{criterion.value}
                </when>
                <when test="criterion.betweenValue" >
                  and ${criterion.condition} #{criterion.value} and #{criterion.secondValue}
                </when>
                <when test="criterion.listValue" >
                  and ${criterion.condition}
                  <foreach collection="criterion.value" item="listItem" open="(" close=")" separator="," >
                    #{listItem}
                  </foreach>
                </when>
              </choose>
            </foreach>
          </trim>
        </if>
      </foreach>
    </where>
  </sql>
  <sql id="Base_Column_List" >
    Id, resourcePath, resourceName, description, feature
  </sql>
  <select id="selectByExample" resultMap="BaseResultMap" parameterType="com.andidz.authorithy.domain.RightResourceExample" >
    select
    <if test="distinct" >
      distinct
    </if>
    'true' as QUERYID,
    <include refid="Base_Column_List" />
    from right_resource
    <if test="_parameter != null" >
      <include refid="Example_Where_Clause" />
    </if>
    <if test="orderByClause != null" >
      order by ${orderByClause}
    </if>
  </select>
  <select id="selectByPrimaryKey" resultMap="BaseResultMap" parameterType="java.lang.Integer" >
    select 
    <include refid="Base_Column_List" />
    from right_resource
    where Id = #{id,jdbcType=INTEGER}
  </select>
  <delete id="deleteByPrimaryKey" parameterType="java.lang.Integer" >
    delete from right_resource
    where Id = #{id,jdbcType=INTEGER}
  </delete>
  <delete id="deleteByExample" parameterType="com.andidz.authorithy.domain.RightResourceExample" >
    delete from right_resource
    <if test="_parameter != null" >
      <include refid="Example_Where_Clause" />
    </if>
  </delete>
  <insert id="insert" parameterType="com.andidz.authorithy.domain.RightResource" >
    insert into right_resource (Id, resourcePath, resourceName, 
      description, feature)
    values (#{id,jdbcType=INTEGER}, #{resourcepath,jdbcType=VARCHAR}, #{resourcename,jdbcType=VARCHAR}, 
      #{description,jdbcType=VARCHAR}, #{feature,jdbcType=VARCHAR})
  </insert>
  <insert id="insertSelective" parameterType="com.andidz.authorithy.domain.RightResource" >
    insert into right_resource
    <trim prefix="(" suffix=")" suffixOverrides="," >
      <if test="id != null" >
        Id,
      </if>
      <if test="resourcepath != null" >
        resourcePath,
      </if>
      <if test="resourcename != null" >
        resourceName,
      </if>
      <if test="description != null" >
        description,
      </if>
      <if test="feature != null" >
        feature,
      </if>
    </trim>
    <trim prefix="values (" suffix=")" suffixOverrides="," >
      <if test="id != null" >
        #{id,jdbcType=INTEGER},
      </if>
      <if test="resourcepath != null" >
        #{resourcepath,jdbcType=VARCHAR},
      </if>
      <if test="resourcename != null" >
        #{resourcename,jdbcType=VARCHAR},
      </if>
      <if test="description != null" >
        #{description,jdbcType=VARCHAR},
      </if>
      <if test="feature != null" >
        #{feature,jdbcType=VARCHAR},
      </if>
    </trim>
  </insert>
  <select id="countByExample" parameterType="com.andidz.authorithy.domain.RightResourceExample" resultType="java.lang.Integer" >
    select count(*) from right_resource
    <if test="_parameter != null" >
      <include refid="Example_Where_Clause" />
    </if>
  </select>
  <update id="updateByExampleSelective" parameterType="map" >
    update right_resource
    <set >
      <if test="record.id != null" >
        Id = #{record.id,jdbcType=INTEGER},
      </if>
      <if test="record.resourcepath != null" >
        resourcePath = #{record.resourcepath,jdbcType=VARCHAR},
      </if>
      <if test="record.resourcename != null" >
        resourceName = #{record.resourcename,jdbcType=VARCHAR},
      </if>
      <if test="record.description != null" >
        description = #{record.description,jdbcType=VARCHAR},
      </if>
      <if test="record.feature != null" >
        feature = #{record.feature,jdbcType=VARCHAR},
      </if>
    </set>
    <if test="_parameter != null" >
      <include refid="Update_By_Example_Where_Clause" />
    </if>
  </update>
  <update id="updateByExample" parameterType="map" >
    update right_resource
    set Id = #{record.id,jdbcType=INTEGER},
      resourcePath = #{record.resourcepath,jdbcType=VARCHAR},
      resourceName = #{record.resourcename,jdbcType=VARCHAR},
      description = #{record.description,jdbcType=VARCHAR},
      feature = #{record.feature,jdbcType=VARCHAR}
    <if test="_parameter != null" >
      <include refid="Update_By_Example_Where_Clause" />
    </if>
  </update>
  <update id="updateByPrimaryKeySelective" parameterType="com.andidz.authorithy.domain.RightResource" >
    update right_resource
    <set >
      <if test="resourcepath != null" >
        resourcePath = #{resourcepath,jdbcType=VARCHAR},
      </if>
      <if test="resourcename != null" >
        resourceName = #{resourcename,jdbcType=VARCHAR},
      </if>
      <if test="description != null" >
        description = #{description,jdbcType=VARCHAR},
      </if>
      <if test="feature != null" >
        feature = #{feature,jdbcType=VARCHAR},
      </if>
    </set>
    where Id = #{id,jdbcType=INTEGER}
  </update>
  <update id="updateByPrimaryKey" parameterType="com.andidz.authorithy.domain.RightResource" >
    update right_resource
    set resourcePath = #{resourcepath,jdbcType=VARCHAR},
      resourceName = #{resourcename,jdbcType=VARCHAR},
      description = #{description,jdbcType=VARCHAR},
      feature = #{feature,jdbcType=VARCHAR}
    where Id = #{id,jdbcType=INTEGER}
  </update>
</mapper>