<?xml version="1.0" encoding="UTF-8" ?>
<!DOCTYPE mapper PUBLIC "-//mybatis.org//DTD Mapper 3.0//EN" "http://mybatis.org/dtd/mybatis-3-mapper.dtd" >
<mapper namespace="com.andidz.authorithy.mapper.UserRightRelationshipMapper" >
  <resultMap id="BaseResultMap" type="com.andidz.authorithy.domain.UserRightRelationship" >
    <id column="Id" property="id" jdbcType="INTEGER" />
    <result column="userId" property="userid" jdbcType="INTEGER" />
    <result column="resourceId" property="resourceid" jdbcType="INTEGER" />
  </resultMap>
  <sql id="Example_Where_Clause" >
    <where >
      <foreach collection="oredCriteria" item="criteria" separator="or" >
        <if test="criteria.valid" >
          <trim prefix="(" suffix=")" prefixOverrides="and" >
            <foreach collection="criteria.criteria" item="criterion" >
              <choose >
                <when test="criterion.noValue" >
                  and ${criterion.condition}
                </when>
                <when test="criterion.singleValue" >
                  and ${criterion.condition} #{criterion.value}
                </when>
                <when test="criterion.betweenValue" >
                  and ${criterion.condition} #{criterion.value} and #{criterion.secondValue}
                </when>
                <when test="criterion.listValue" >
                  and ${criterion.condition}
                  <foreach collection="criterion.value" item="listItem" open="(" close=")" separator="," >
                    #{listItem}
                  </foreach>
                </when>
              </choose>
            </foreach>
          </trim>
        </if>
      </foreach>
    </where>
  </sql>
  <sql id="Update_By_Example_Where_Clause" >
    <where >
      <foreach collection="example.oredCriteria" item="criteria" separator="or" >
        <if test="criteria.valid" >
          <trim prefix="(" suffix=")" prefixOverrides="and" >
            <foreach collection="criteria.criteria" item="criterion" >
              <choose >
                <when test="criterion.noValue" >
                  and ${criterion.condition}
                </when>
                <when test="criterion.singleValue" >
                  and ${criterion.condition} #{criterion.value}
                </when>
                <when test="criterion.betweenValue" >
                  and ${criterion.condition} #{criterion.value} and #{criterion.secondValue}
                </when>
                <when test="criterion.listValue" >
                  and ${criterion.condition}
                  <foreach collection="criterion.value" item="listItem" open="(" close=")" separator="," >
                    #{listItem}
                  </foreach>
                </when>
              </choose>
            </foreach>
          </trim>
        </if>
      </foreach>
    </where>
  </sql>
  <sql id="Base_Column_List" >
    Id, userId, resourceId
  </sql>
  <select id="selectByExample" resultMap="BaseResultMap" parameterType="com.andidz.authorithy.domain.UserRightRelationshipExample" >
    select
    <if test="distinct" >
      distinct
    </if>
    'true' as QUERYID,
    <include refid="Base_Column_List" />
    from user_right_relationship
    <if test="_parameter != null" >
      <include refid="Example_Where_Clause" />
    </if>
    <if test="orderByClause != null" >
      order by ${orderByClause}
    </if>
  </select>
  <select id="selectByPrimaryKey" resultMap="BaseResultMap" parameterType="java.lang.Integer" >
    select 
    <include refid="Base_Column_List" />
    from user_right_relationship
    where Id = #{id,jdbcType=INTEGER}
  </select>
  <delete id="deleteByPrimaryKey" parameterType="java.lang.Integer" >
    delete from user_right_relationship
    where Id = #{id,jdbcType=INTEGER}
  </delete>
  <delete id="deleteByExample" parameterType="com.andidz.authorithy.domain.UserRightRelationshipExample" >
    delete from user_right_relationship
    <if test="_parameter != null" >
      <include refid="Example_Where_Clause" />
    </if>
  </delete>
  <insert id="insert" parameterType="com.andidz.authorithy.domain.UserRightRelationship" >
    insert into user_right_relationship (Id, userId, resourceId
      )
    values (#{id,jdbcType=INTEGER}, #{userid,jdbcType=INTEGER}, #{resourceid,jdbcType=INTEGER}
      )
  </insert>
  <insert id="insertSelective" parameterType="com.andidz.authorithy.domain.UserRightRelationship" >
    insert into user_right_relationship
    <trim prefix="(" suffix=")" suffixOverrides="," >
      <if test="id != null" >
        Id,
      </if>
      <if test="userid != null" >
        userId,
      </if>
      <if test="resourceid != null" >
        resourceId,
      </if>
    </trim>
    <trim prefix="values (" suffix=")" suffixOverrides="," >
      <if test="id != null" >
        #{id,jdbcType=INTEGER},
      </if>
      <if test="userid != null" >
        #{userid,jdbcType=INTEGER},
      </if>
      <if test="resourceid != null" >
        #{resourceid,jdbcType=INTEGER},
      </if>
    </trim>
  </insert>
  <select id="countByExample" parameterType="com.andidz.authorithy.domain.UserRightRelationshipExample" resultType="java.lang.Integer" >
    select count(*) from user_right_relationship
    <if test="_parameter != null" >
      <include refid="Example_Where_Clause" />
    </if>
  </select>
  <update id="updateByExampleSelective" parameterType="map" >
    update user_right_relationship
    <set >
      <if test="record.id != null" >
        Id = #{record.id,jdbcType=INTEGER},
      </if>
      <if test="record.userid != null" >
        userId = #{record.userid,jdbcType=INTEGER},
      </if>
      <if test="record.resourceid != null" >
        resourceId = #{record.resourceid,jdbcType=INTEGER},
      </if>
    </set>
    <if test="_parameter != null" >
      <include refid="Update_By_Example_Where_Clause" />
    </if>
  </update>
  <update id="updateByExample" parameterType="map" >
    update user_right_relationship
    set Id = #{record.id,jdbcType=INTEGER},
      userId = #{record.userid,jdbcType=INTEGER},
      resourceId = #{record.resourceid,jdbcType=INTEGER}
    <if test="_parameter != null" >
      <include refid="Update_By_Example_Where_Clause" />
    </if>
  </update>
  <update id="updateByPrimaryKeySelective" parameterType="com.andidz.authorithy.domain.UserRightRelationship" >
    update user_right_relationship
    <set >
      <if test="userid != null" >
        userId = #{userid,jdbcType=INTEGER},
      </if>
      <if test="resourceid != null" >
        resourceId = #{resourceid,jdbcType=INTEGER},
      </if>
    </set>
    where Id = #{id,jdbcType=INTEGER}
  </update>
  <update id="updateByPrimaryKey" parameterType="com.andidz.authorithy.domain.UserRightRelationship" >
    update user_right_relationship
    set userId = #{userid,jdbcType=INTEGER},
      resourceId = #{resourceid,jdbcType=INTEGER}
    where Id = #{id,jdbcType=INTEGER}
  </update>
</mapper>